id,user_id,version,first_name,last_name,username,bio,about,created_at,change_type
1,5615287775,1,â‚ŠËšà¼ºâ˜ï¸ğ“’ğ“µğ“¸ğ“¾ğ“­â˜ï¸à¼»Ëšâ‚Š,,p_y_n_y_c_e,ğ“¢Ö´à»‹ğŸŒ·Í™Ö’à¹‹à£­ â¸¼ ğ“‘ğ“®Ì ğ“œğ“ªÌ‚ğ”‚ â˜ï¸,ğ“¢Ö´à»‹ğŸŒ·Í™Ö’à¹‹à£­ â¸¼ ğ“‘ğ“®Ì ğ“œğ“ªÌ‚ğ”‚ â˜ï¸,2025-08-27 23:01:31.829861,photo_change
2,7768513218,1,ğ“£ğ“±ğ“¾Ìğ”‚ ğ“ğ“·,,thuyann1210,,,2025-08-30 10:43:53.327294,photo_change
3,7768513218,2,ğ“£ğ“±ğ“¾Ìğ”‚ ğ“ğ“·,,thuyann1210,,,2025-08-30 10:49:17.298620,photo_change
4,6774625157,1,LONG ( HÃ ),,Nguoisoi1,,,2025-08-30 10:49:18.920732,photo_change
5,7606821253,1,ChÃ¬u vÃ¡y ä¸‹åˆ BLH,,,,,2025-08-30 10:49:18.978359,photo_change
6,7685737865,1,å°è˜ Gia hÃ¢n,,,,,2025-08-30 10:49:19.037109,photo_change
7,7426401556,1,æ–‡å…‰,,Quangnho20,,,2025-08-30 10:49:19.150798,photo_change
8,7967823126,1,ShÄn â€œå±±â€,,thichduthu23456,,,2025-08-30 10:49:19.207549,photo_change
9,5164545177,1,B11 VOáº°N TÃ€ LÃ’A VOáº°N,,YEMAO104,,,2025-08-30 10:49:19.315373,photo_change
10,7376151072,1,ï¸ğ‘¶ğ’ğ’Šğ‘ªğ’‰ğ’‚ğ’Â²áµÂ²,,chanxinhhh,,,2025-08-30 10:49:19.373799,photo_change
11,7778781604,1,å°ä¹ ğŸ–¤,,tun838666,,,2025-08-30 10:49:19.432349,photo_change
12,7278832934,1,Nguyá»…n,Nam,namnguyen288,,,2025-08-30 10:49:19.491840,photo_change
13,7781380910,1,Báº£o Báº£o,,baobao4169,,,2025-08-30 10:49:19.552188,photo_change
14,6212124465,1,é˜¿å¯Œ,ğ•»ğ–ğ–šÌğ–ˆ ğ•°ğ–—ğ–ğ–ˆ â„ï¸,Tieulong0898,,,2025-08-30 10:49:19.608482,photo_change
15,6029190582,1,ğ“ğ”‚ğ“·ğ”‚,,babeiuai,,,2025-08-30 10:49:19.670018,photo_change
16,7867502024,1,é˜¿ç¯ ÄÄƒng,,Cammomdi8638l,,,2025-08-30 10:49:19.783581,photo_change
17,5296739663,1,â™›ğ”½ğ•–ğ•–ğ•¦,â€¢á´¥â€¢,cqqjz3,,,2025-08-30 10:49:19.902812,photo_change
18,5079807188,1,è‚¯,,Kenn_5W,,,2025-08-30 10:49:20.068437,photo_change
19,5032746451,1,Haic9,,Haic9,,,2025-08-30 10:49:20.130206,photo_change
20,8137154519,1,é˜¿å†³,A XUE,mottramtylait8386,,,2025-08-30 10:49:20.184303,photo_change
21,7758938333,1,èœœèœ‚ ğŸ‰,,huiiday1,,,2025-08-30 10:49:20.242658,photo_change
22,7378714723,1,ğ‡á»’ ğáº¢ğ ğ“ğ‡ğˆÃŠğ,,thienthienMLV88,,,2025-08-30 10:49:20.299381,photo_change
23,7912065512,1,bom,,bombom2568,,,2025-08-30 10:49:20.359332,photo_change
24,6964183913,1,FerrariğŸ§Š,,QH2412,,,2025-08-30 10:49:20.413973,photo_change
25,7882364141,1,CuBo,,cubo2709,,,2025-08-30 10:49:20.469198,photo_change
26,7550281590,1,ğ™ˆğ™„ğ™‰ğ™ƒ ğ™‰ğ™‚ğ™ƒğ™„Ìƒğ˜¼ â˜˜ï¸,,kangia3939,,,2025-08-30 10:49:20.637500,photo_change
27,6661388919,1,SiÃªu NhÆ¡n Gao,,SieuNhonXanh,,,2025-08-30 10:49:20.696375,photo_change
28,8286629886,1,ÃŸÃ© ÃÉ© ğŸ¥€,,Dollynguroizzz,,,2025-08-30 10:49:20.751362,photo_change
29,7768513218,3,ğ“£ğ“±ğ“¾Ìğ”‚ ğ“ğ“·,,thuyann1210,,,2025-08-30 10:49:42.997808,photo_change
30,7376151072,2,ï¸ğ‘¶ğ’ğ’Šğ‘ªğ’‰ğ’‚ğ’Â²áµÂ²,,chanxinhhh,,,2025-08-30 11:00:20.842236,photo_change
31,7378714723,2,ğ‡á»’ ğáº¢ğ ğ“ğ‡ğˆÃŠğ,,thienthienMLV88,,,2025-08-30 11:00:22.130980,photo_change
32,6661388919,2,SiÃªu NhÆ¡n Gao,,SieuNhonXanh,,,2025-08-30 11:00:22.603580,photo_change
33,5164545177,2,B11 VOáº°N TÃ€ LÃ’A VOáº°N,,YEMAO104,,,2025-08-30 11:00:22.988060,photo_change
34,6390810828,1,â‹†ï½¡ï¾Ÿâ˜ï¸ï½¡â‹†Ï‰Â¡Õ²É—É£â˜¾ ï¾Ÿï½¡â‹†,,Buonnguuuu,,,2025-08-30 11:00:23.923059,photo_change
35,5079807188,2,è‚¯,,Kenn_5W,,,2025-08-30 11:00:24.128597,photo_change
36,7758938333,2,èœœèœ‚ ğŸ‰,,huiiday1,,,2025-08-30 11:00:24.190613,photo_change
37,7882364141,2,CuBo,,cubo2709,,,2025-08-30 11:00:24.257478,photo_change
38,7426401556,2,æ–‡å…‰,,Quangnho20,,,2025-08-30 11:00:24.694059,photo_change
39,7967823126,2,ShÄn â€œå±±â€,,thichduthu23456,,,2025-08-30 11:00:24.759293,photo_change
40,7278832934,2,Nguyá»…n,Nam,namnguyen288,,,2025-08-30 11:00:25.010186,photo_change
41,7781380910,2,Báº£o Báº£o,,baobao4169,,,2025-08-30 11:00:25.183811,photo_change
42,6212124465,2,é˜¿å¯Œ,ğ•»ğ–ğ–šÌğ–ˆ ğ•°ğ–—ğ–ğ–ˆ â„ï¸,Tieulong0898,,,2025-08-30 11:00:25.244517,photo_change
43,5296739663,2,â™›ğ”½ğ•–ğ•–ğ•¦,â€¢á´¥â€¢,cqqjz3,,,2025-08-30 11:00:26.014630,photo_change
44,5924159846,1,Adam suy TÃ¬nhâ¤â€ğŸ”¥,,,"Baby, don't you cry now.","Baby, don't you cry now.",2025-08-30 11:00:26.483658,"bio_change, photo_change"
45,6964183913,2,FerrariğŸ§Š,,QH2412,,,2025-08-30 11:00:26.559900,photo_change
46,7550281590,2,ğ™ˆğ™„ğ™‰ğ™ƒ ğ™‰ğ™‚ğ™ƒğ™„Ìƒğ˜¼ â˜˜ï¸,,kangia3939,,,2025-08-30 11:00:26.829806,photo_change
47,6774625157,2,LONG ( HÃ ),,Nguoisoi1,,,2025-08-30 11:00:27.158172,photo_change
48,7606821253,2,ChÃ¬u vÃ¡y ä¸‹åˆ BLH,,,,,2025-08-30 11:00:27.396430,photo_change
49,7685737865,2,å°è˜ Gia hÃ¢n,,,,,2025-08-30 11:00:27.527813,photo_change
50,7778781604,2,å°ä¹ ğŸ–¤,,tun838666,,,2025-08-30 11:00:28.061388,photo_change
51,6029190582,2,ğ“ğ”‚ğ“·ğ”‚,,babeiuai,,,2025-08-30 11:00:28.274322,photo_change
52,670001596,1,Kinh Kong,,,,,2025-08-30 11:00:28.420254,photo_change
53,7867502024,2,é˜¿ç¯ ÄÄƒng,,Cammomdi8638l,,,2025-08-30 11:00:28.773398,photo_change
54,5032746451,2,Haic9,,Haic9,,,2025-08-30 11:00:28.904682,photo_change
55,8137154519,2,é˜¿å†³,A XUE,mottramtylait8386,,,2025-08-30 11:00:28.964136,photo_change
56,7912065512,2,bom,,bombom2568,,,2025-08-30 11:00:29.246938,photo_change
57,8286629886,2,ÃŸÃ© ÃÉ© ğŸ¥€,,Dollynguroizzz,,,2025-08-30 11:00:29.508191,photo_change
58,1827227588,1,Lil,Centaur,lilcentaur,,,2025-08-30 11:07:17.482071,photo_change
59,7426401556,3,æ–‡å…‰,,Quangnho20,,,2025-08-30 11:32:48.799135,"bio_change, photo_change"
60,7426401556,4,æ–‡å…‰,,Quangnho20,ç”Ÿæ´»çµ¦ä½ å››å€‹å­—ï¼šé£Ÿç‰©ã€è¡£æœã€æ°´ã€éŒ¢ æˆ‘çµ¦ä½ å››å€‹å­—ï¼šâ€œåŒç”˜å…±è‹¦â€,ç”Ÿæ´»çµ¦ä½ å››å€‹å­—ï¼šé£Ÿç‰©ã€è¡£æœã€æ°´ã€éŒ¢ æˆ‘çµ¦ä½ å››å€‹å­—ï¼šâ€œåŒç”˜å…±è‹¦â€,2025-08-30 11:32:49.424658,photo_change
61,7867502024,3,é˜¿ç¯ ÄÄƒng,,Cammomdi8638l,,,2025-08-30 11:32:55.261301,photo_change
62,7867502024,4,é˜¿ç¯ ÄÄƒng,,Cammomdi8638l,,,2025-08-30 11:32:56.849097,photo_change
63,5977429072,1,Báº£o PhÃºc,,xiaobao0211,,,2025-08-30 11:32:58.855112,bio_change
64,7278832934,3,Nguyá»…n,Nam,namnguyen288,,,2025-08-30 11:33:01.521067,photo_change
65,7278832934,4,Nguyá»…n,Nam,namnguyen288,,,2025-08-30 11:33:01.968514,photo_change
66,1230480769,1,RemoveJoinGroupMsgBot by @Bot442,,RemoveJoinGroupMsgBot,Automatically delete join/left message in your groups. Visit @Bot442 for more bots,Automatically delete join/left message in your groups. Visit @Bot442 for more bots,2025-08-30 11:33:04.730606,photo_change
67,6212124465,3,é˜¿å¯Œ,ğ•»ğ–ğ–šÌğ–ˆ ğ•°ğ–—ğ–ğ–ˆ â„ï¸,Tieulong0898,,,2025-08-30 11:33:08.290460,"bio_change, photo_change"
68,6212124465,4,é˜¿å¯Œ,ğ•»ğ–ğ–šÌğ–ˆ ğ•°ğ–—ğ–ğ–ˆ â„ï¸,Tieulong0898,- ğ•¬ğ–“ğ– ğ•®ğ–šÌƒğ–“ğ–Œ ğ•¿ğ–šÌ›Ì€ğ–“ğ–Œ ğ•¿ğ–ğ–“ ğ•®ğ–”Ì ğ•»ğ–ğ–ŠÌğ–• ğ•¸ğ–†Ì€ğ–š ğŸ€,- ğ•¬ğ–“ğ– ğ•®ğ–šÌƒğ–“ğ–Œ ğ•¿ğ–šÌ›Ì€ğ–“ğ–Œ ğ•¿ğ–ğ–“ ğ•®ğ–”Ì ğ•»ğ–ğ–ŠÌğ–• ğ•¸ğ–†Ì€ğ–š ğŸ€,2025-08-30 11:33:12.584955,photo_change
69,7768513218,4,ğ“£ğ“±ğ“¾Ìğ”‚ ğ“ğ“·,,thuyann1210,,,2025-08-30 11:33:15.573395,"bio_change, photo_change"
70,7768513218,5,ğ“£ğ“±ğ“¾Ìğ”‚ ğ“ğ“·,,thuyann1210,NgÃ y mÃ  mÃ¬nh Ä‘au lÃ²ng nháº¥t thÃ¬ cÅ©ng lÃ  lÃºc trá»i Ä‘á»• cÆ¡n mÆ°a ğŸŒ§,NgÃ y mÃ  mÃ¬nh Ä‘au lÃ²ng nháº¥t thÃ¬ cÅ©ng lÃ  lÃºc trá»i Ä‘á»• cÆ¡n mÆ°a ğŸŒ§,2025-08-30 11:33:16.230682,photo_change
71,609517172,1,Rose,,MissRose_bot,"Powerful telegram bot to help you manage your groups.
Updates in @MarieNews.

Get your own clone at @RoseClone_bot!","Powerful telegram bot to help you manage your groups.
Updates in @MarieNews.

Get your own clone at @RoseClone_bot!",2025-08-30 11:33:22.730650,photo_change
72,7553163340,1,Dealer,,xidach01_bot,,,2025-08-30 11:33:24.700659,photo_change
73,7781380910,3,Báº£o Báº£o,,baobao4169,,,2025-08-30 11:33:25.282597,photo_change
74,7781380910,4,Báº£o Báº£o,,baobao4169,,,2025-08-30 11:33:25.552540,photo_change
75,6964183913,3,FerrariğŸ§Š,,QH2412,,,2025-08-30 11:33:27.149964,"bio_change, photo_change"
76,6964183913,4,FerrariğŸ§Š,,QH2412,"Cho vay icl - tÃ­n dá»¥ng,Mua bÃ¡n zalo giÃ¡ cao.(TÃ¢m báº¥t biáº¿n giá»¯a dÃ²ng Ä‘á»i váº¡n biáº¿n).","Cho vay icl - tÃ­n dá»¥ng,Mua bÃ¡n zalo giÃ¡ cao.(TÃ¢m báº¥t biáº¿n giá»¯a dÃ²ng Ä‘á»i váº¡n biáº¿n).",2025-08-30 11:33:27.326303,photo_change
77,7685737865,3,å°è˜ Gia hÃ¢n,,,,,2025-08-30 11:33:29.537777,photo_change
78,7685737865,4,å°è˜ Gia hÃ¢n,,,,,2025-08-30 11:33:31.165318,photo_change
79,8082857529,1,Mck,,,,,2025-08-30 11:33:34.046194,bio_change
80,6834834141,1,Kai,Do,kubu_123,,,2025-08-30 14:27:20.986342,photo_change
81,6324267807,1,chá»“ng anh jack,,cunonnnnn,,,2025-08-30 14:31:06.499237,photo_change
82,6324267807,2,chá»“ng anh jack,,cunonnnnn,,,2025-08-30 14:39:53.704016,"bio_change, photo_change"
83,6324267807,3,chá»“ng anh jack,,cunonnnnn,!!,!!,2025-08-30 14:42:40.842780,photo_change
84,6324267807,4,chá»“ng anh jack,,cunonnnnn,!!,!!,2025-08-30 15:13:28.508862,photo_change
85,6324267807,5,chá»“ng anh jack,,cunonnnnn,!!,!!,2025-08-30 15:20:42.487196,photo_change
86,6324267807,6,chá»“ng anh jack,,cunonnnnn,!!,!!,2025-08-30 15:53:12.060273,photo_change
87,6324267807,7,chá»“ng anh jack,,cunonnnnn,!!,!!,2025-08-30 16:21:47.470732,photo_change
88,6324267807,8,chá»“ng anh jack,,cunonnnnn,!!,!!,2025-08-30 16:28:34.529547,photo_change
89,6324267807,9,chá»“ng anh jack,,cunonnnnn,!!,!!,2025-08-30 16:30:25.179850,photo_change
90,6324267807,10,chá»“ng anh jack,,cunonnnnn,!!,!!,2025-09-04 07:47:12.851905,"name_change, photo_change"
91,6324267807,11,mÃ³c,,cunonnnnn,!!,!!,2025-09-04 07:47:25.947007,photo_change
92,889839684,1,Translator,,TgTranslatorBot,@tgtrns | Bot that translates messages in groups. For support: @Dubzer ğŸ¦ˆ,@tgtrns | Bot that translates messages in groups. For support: @Dubzer ğŸ¦ˆ,2025-09-04 08:30:36.969460,photo_change
93,889839684,2,Translator,,TgTranslatorBot,@tgtrns | Bot that translates messages in groups. For support: @Dubzer ğŸ¦ˆ,@tgtrns | Bot that translates messages in groups. For support: @Dubzer ğŸ¦ˆ,2025-09-04 08:30:37.696525,photo_change
94,7613172827,1,RockStar,,Rockstargore,Holiii... Ya Sabes Quien Soy. ğŸŒºğŸ¿,Holiii... Ya Sabes Quien Soy. ğŸŒºğŸ¿,2025-09-04 08:30:44.054721,photo_change
95,6027611199,1,Rus,,,skinship,skinship,2025-09-04 08:30:45.230450,photo_change
96,6027611199,2,Rus,,,skinship,skinship,2025-09-04 08:30:45.513277,photo_change
97,5647552528,1,A ï¼¬ï¼¥ï¼¸aÌ¸Ì´Ì·ÌµÌ´Ì·Ì´Ì¸Ì´Ì·Ì´Ì¨Ì§Ì¡Ì¨Ì¨ÌºÍšÌŸÌ«Ì­Í‰ÍˆÌ˜ÌÌœÌ«Í ÌœÍ–Ì ÌÌ«Ì±Ì–Ì¦Ì»ÌÌ˜ÌŸÌ°Í•Ì—Í–Ì£Ì©Í”Í‡Ì«Ì™ÍÍˆÌ¦ÌªÌ£ÌÌ,,alex_oxip,NhÃ¬n nhÃ¬n cÃ¡i con cáº·c,NhÃ¬n nhÃ¬n cÃ¡i con cáº·c,2025-09-04 08:30:45.814053,photo_change
98,5647552528,2,A ï¼¬ï¼¥ï¼¸aÌ¸Ì´Ì·ÌµÌ´Ì·Ì´Ì¸Ì´Ì·Ì´Ì¨Ì§Ì¡Ì¨Ì¨ÌºÍšÌŸÌ«Ì­Í‰ÍˆÌ˜ÌÌœÌ«Í ÌœÍ–Ì ÌÌ«Ì±Ì–Ì¦Ì»ÌÌ˜ÌŸÌ°Í•Ì—Í–Ì£Ì©Í”Í‡Ì«Ì™ÍÍˆÌ¦ÌªÌ£ÌÌ,,alex_oxip,NhÃ¬n nhÃ¬n cÃ¡i con cáº·c,NhÃ¬n nhÃ¬n cÃ¡i con cáº·c,2025-09-04 08:30:46.836794,photo_change
99,7281301910,1,Kiá»‡t,Nguyá»…n,,,,2025-09-04 08:30:47.596150,photo_change
100,7281301910,2,Kiá»‡t,Nguyá»…n,,,,2025-09-04 08:30:47.958058,photo_change
101,1185157460,1,Huy HoÃ ng,,rozubruhh,Sunset Hunter,Sunset Hunter,2025-09-04 08:30:49.182897,photo_change
102,1185157460,2,Huy HoÃ ng,,rozubruhh,Sunset Hunter,Sunset Hunter,2025-09-04 08:30:49.668568,photo_change
103,6451051788,1,Chun,Chun,Chunchun2512,"Cuá»™c sá»‘ng lÃ  1 vá»Ÿ ká»‹ch, báº¡n thÃ¬ pháº£i diá»…n sao cho tháº­t trÃ²n vai.","Cuá»™c sá»‘ng lÃ  1 vá»Ÿ ká»‹ch, báº¡n thÃ¬ pháº£i diá»…n sao cho tháº­t trÃ²n vai.",2025-09-04 08:30:50.111170,photo_change
104,6451051788,2,Chun,Chun,Chunchun2512,"Cuá»™c sá»‘ng lÃ  1 vá»Ÿ ká»‹ch, báº¡n thÃ¬ pháº£i diá»…n sao cho tháº­t trÃ²n vai.","Cuá»™c sá»‘ng lÃ  1 vá»Ÿ ká»‹ch, báº¡n thÃ¬ pháº£i diá»…n sao cho tháº­t trÃ²n vai.",2025-09-04 08:30:50.983956,photo_change
105,6136334029,1,Xoay Chuyá»ƒn,CÃ ng KhÃ´n,Userizz002,"CUá»’NG Ná»˜I CHIáº¾N MYANMAR, SYRIA, CHáº¢O Lá»¬A TRUNG ÄÃ”NG, IRAN,ISRAEL","CUá»’NG Ná»˜I CHIáº¾N MYANMAR, SYRIA, CHáº¢O Lá»¬A TRUNG ÄÃ”NG, IRAN,ISRAEL",2025-09-04 08:30:52.610707,photo_change
106,6136334029,2,Xoay Chuyá»ƒn,CÃ ng KhÃ´n,Userizz002,"CUá»’NG Ná»˜I CHIáº¾N MYANMAR, SYRIA, CHáº¢O Lá»¬A TRUNG ÄÃ”NG, IRAN,ISRAEL","CUá»’NG Ná»˜I CHIáº¾N MYANMAR, SYRIA, CHáº¢O Lá»¬A TRUNG ÄÃ”NG, IRAN,ISRAEL",2025-09-04 08:30:52.886043,photo_change
107,6390810828,2,â‹†ï½¡ï¾Ÿâ˜ï¸ï½¡â‹†Ï‰Â¡Õ²É—É£â˜¾ ï¾Ÿï½¡â‹†,,Buonnguuuu,,,2025-09-04 08:30:54.196884,"username_change, photo_change"
108,6390810828,3,â‹†ï½¡ï¾Ÿâ˜ï¸ï½¡â‹†Ï‰Â¡Õ²É—É£â˜¾ ï¾Ÿï½¡â‹†,,Leyennhii2006,,,2025-09-04 08:30:54.407763,photo_change
109,5615287775,2,â‚ŠËšà¼ºâ˜ï¸ğ“’ğ“µğ“¸ğ“¾ğ“­â˜ï¸à¼»Ëšâ‚Š,,p_y_n_y_c_e,ğ“¢Ö´à»‹ğŸŒ·Í™Ö’à¹‹à£­ â¸¼ ğ“‘ğ“®Ì ğ“œğ“ªÌ‚ğ”‚ â˜ï¸,ğ“¢Ö´à»‹ğŸŒ·Í™Ö’à¹‹à£­ â¸¼ ğ“‘ğ“®Ì ğ“œğ“ªÌ‚ğ”‚ â˜ï¸,2025-09-04 08:30:55.545698,photo_change
110,7565159830,1,govd,,govd_bot,"open-source telegram bot that allows you to download medias from various platforms.

https://github.com/govdbot/govd","open-source telegram bot that allows you to download medias from various platforms.

https://github.com/govdbot/govd",2025-09-04 08:31:00.432413,photo_change
111,7565159830,2,govd,,govd_bot,"open-source telegram bot that allows you to download medias from various platforms.

https://github.com/govdbot/govd","open-source telegram bot that allows you to download medias from various platforms.

https://github.com/govdbot/govd",2025-09-04 08:31:00.819560,photo_change
112,300860929,1,SangMata,,SangMata_BOT,Bot that can track name and username changes and notify it in your group. Add me now to start tracking.,Bot that can track name and username changes and notify it in your group. Add me now to start tracking.,2025-09-04 08:31:01.152392,photo_change
113,300860929,2,SangMata,,SangMata_BOT,Bot that can track name and username changes and notify it in your group. Add me now to start tracking.,Bot that can track name and username changes and notify it in your group. Add me now to start tracking.,2025-09-04 08:31:01.260596,photo_change
114,1903802062,1,ğ™“ğ™†ğ™€ğ™‡ğ™€ğ™ğ™Šğ™‰,,Mrdang1912,,,2025-09-04 08:31:02.242018,photo_change
115,1903802062,2,ğ™“ğ™†ğ™€ğ™‡ğ™€ğ™ğ™Šğ™‰,,Mrdang1912,,,2025-09-04 08:31:02.458122,photo_change
116,1830227399,1,Trá»ng,NhÃ¢n,Tram_lang,,,2025-09-04 08:31:04.123765,photo_change
117,1830227399,2,Trá»ng,NhÃ¢n,Tram_lang,,,2025-09-04 08:31:04.462640,photo_change
118,7509977223,1,GenGar,,Gekogashira,,,2025-09-04 08:31:05.063793,photo_change
119,6274656123,1,"Ğ¡ĞºĞ°Ñ‡Ğ°Ñ‚ÑŒ Ğ²Ğ¸Ğ´ĞµĞ¾ Ñ YouTube, VK, Rutube, Instagram, Dzen, TikTok",,UltraYTBot,"Download video from YouTube, VK, Rutube, Instagram, Dzen, TikTok","Download video from YouTube, VK, Rutube, Instagram, Dzen, TikTok",2025-09-04 08:31:15.118172,photo_change
120,6274656123,2,"Ğ¡ĞºĞ°Ñ‡Ğ°Ñ‚ÑŒ Ğ²Ğ¸Ğ´ĞµĞ¾ Ñ YouTube, VK, Rutube, Instagram, Dzen, TikTok",,UltraYTBot,"Download video from YouTube, VK, Rutube, Instagram, Dzen, TikTok","Download video from YouTube, VK, Rutube, Instagram, Dzen, TikTok",2025-09-04 08:31:15.612977,photo_change
121,5480596759,1,PhÃºc,Nguyá»…n,,,,2025-09-04 08:31:16.977303,photo_change
122,5480596759,2,PhÃºc,Nguyá»…n,,,,2025-09-04 08:31:17.277084,photo_change
123,6701216848,1,AlexzzL,å‰å¾€,AlexzzLw,"Cybersecurity expert, Systems Engineering, Hacking and other shitsâ€¦ ğŸ˜´","Cybersecurity expert, Systems Engineering, Hacking and other shitsâ€¦ ğŸ˜´",2025-09-04 08:31:20.164632,"bio_change, photo_change"
124,6701216848,2,AlexzzL,å‰å¾€,AlexzzLw,https://t.me/VideoAIStudioBot?start=_tgr_Lq0IkrRlZDEx,https://t.me/VideoAIStudioBot?start=_tgr_Lq0IkrRlZDEx,2025-09-04 08:31:26.254564,photo_change
125,670001596,2,Kinh Kong,,,,,2025-09-04 08:31:27.274030,photo_change
126,670001596,3,Kinh Kong,,,,,2025-09-04 08:31:27.392267,photo_change
127,7251695767,1,Hiá»ƒu Nghi,,,,,2025-09-04 08:31:28.545200,photo_change
128,7251695767,2,Hiá»ƒu Nghi,,,,,2025-09-04 08:31:28.696267,photo_change
129,5589290919,1,ğ——ğ—¨ğ—–,ğ—›ğ—œğ—˜ğ—¨,dduchieu,,,2025-09-04 08:31:29.225403,photo_change
130,5589290919,2,ğ——ğ—¨ğ—–,ğ—›ğ—œğ—˜ğ—¨,dduchieu,,,2025-09-04 08:31:29.352561,photo_change
131,6290295521,1,Nguyá»…n,Khang,Nexx432,,,2025-09-04 08:31:30.265012,photo_change
132,6290295521,2,Nguyá»…n,Khang,Nexx432,,,2025-09-04 08:31:31.257302,photo_change
133,1759528832,1,Hiáº¿u,VÅ© XuÃ¢n,hieuvuxuan1999,Stk Vietcombank:1018711920,Stk Vietcombank:1018711920,2025-09-04 08:31:32.995828,photo_change
134,1759528832,2,Hiáº¿u,VÅ© XuÃ¢n,hieuvuxuan1999,Stk Vietcombank:1018711920,Stk Vietcombank:1018711920,2025-09-04 08:31:33.281292,photo_change
135,6364687303,1,Tráº§n,HoÃ ng Minh,Tranhoangminh1995,,,2025-09-04 08:31:34.896436,photo_change
136,6364687303,2,Tráº§n,HoÃ ng Minh,Tranhoangminh1995,,,2025-09-04 08:31:35.089619,photo_change
137,5767250315,1,Há»“n ThiÃªn Äáº¿à¿—ğ‘²­ğ‘²­ğ‘²­ğ‘²­ğ‘²­ğ‘²­ğ‘²­ğ‘²­ğ‘²­ğ‘²­ğ‘²­ğ‘²­ğ‘²­ğ‘²­ğ‘²­ğ‘²­ğ‘²­ğ‘²­ğ‘²­ğ‘²­ğ‘²­ğ‘²­ğ‘²­ğ‘²­ğ‘²­ğ‘²­ğ‘²­ğ‘²­ğ‘²­ğ‘²­ğ‘²­ğ‘²­ğ‘²­ğ‘²­ğ‘²­ğ‘²­ğ‘²­ğ‘²­ğ‘²­ğ‘²­ğ‘²­ğ‘²­ğ‘²­ğ‘²­ğ‘²­ğ‘²­ğ‘²­ğ‘²­ğ‘²­ğ‘²­ğ‘²­,,honthiendez,,,2025-09-04 08:31:45.743233,photo_change
138,5767250315,2,Há»“n ThiÃªn Äáº¿à¿—ğ‘²­ğ‘²­ğ‘²­ğ‘²­ğ‘²­ğ‘²­ğ‘²­ğ‘²­ğ‘²­ğ‘²­ğ‘²­ğ‘²­ğ‘²­ğ‘²­ğ‘²­ğ‘²­ğ‘²­ğ‘²­ğ‘²­ğ‘²­ğ‘²­ğ‘²­ğ‘²­ğ‘²­ğ‘²­ğ‘²­ğ‘²­ğ‘²­ğ‘²­ğ‘²­ğ‘²­ğ‘²­ğ‘²­ğ‘²­ğ‘²­ğ‘²­ğ‘²­ğ‘²­ğ‘²­ğ‘²­ğ‘²­ğ‘²­ğ‘²­ğ‘²­ğ‘²­ğ‘²­ğ‘²­ğ‘²­ğ‘²­ğ‘²­ğ‘²­,,honthiendez,,,2025-09-04 08:31:45.860257,photo_change
139,6285381978,1,LÃª khang,,,,,2025-09-04 08:31:47.114899,photo_change
140,6028724160,1,zmen,,zmen12,,,2025-09-04 08:31:51.154181,photo_change
141,6028724160,2,zmen,,zmen12,,,2025-09-04 08:31:51.300585,photo_change
142,6252063927,1,Zy Baw,,neverformee,I'm crucified https://t.me/+8UcW6l0us_1kMWI9,I'm crucified https://t.me/+8UcW6l0us_1kMWI9,2025-09-04 08:31:53.324929,photo_change
143,6252063927,2,Zy Baw,,neverformee,I'm crucified https://t.me/+8UcW6l0us_1kMWI9,I'm crucified https://t.me/+8UcW6l0us_1kMWI9,2025-09-04 08:31:53.473238,photo_change
144,6431080972,1,VirusTotal,,VirusTotal_AV_bot,"Send me a file and I will analyze it for viruses using over 70 different antiviruses.

@kyelii","Send me a file and I will analyze it for viruses using over 70 different antiviruses.

@kyelii",2025-09-04 08:31:58.061076,photo_change
145,6431080972,2,VirusTotal,,VirusTotal_AV_bot,"Send me a file and I will analyze it for viruses using over 70 different antiviruses.

@kyelii","Send me a file and I will analyze it for viruses using over 70 different antiviruses.

@kyelii",2025-09-04 08:31:58.568059,photo_change
146,6919298151,1,Viet,Nguyen,Hitsloz,Váº½ tranh.,Váº½ tranh.,2025-09-04 08:32:14.253144,photo_change
147,6919298151,2,Viet,Nguyen,Hitsloz,Váº½ tranh.,Váº½ tranh.,2025-09-04 08:32:15.260576,photo_change
148,7768513218,6,ğ“£ğ“±ğ“¾Ìğ”‚ ğ“ğ“·,,thuyann1210,NgÃ y mÃ  mÃ¬nh Ä‘au lÃ²ng nháº¥t thÃ¬ cÅ©ng lÃ  lÃºc trá»i Ä‘á»• cÆ¡n mÆ°a ğŸŒ§,NgÃ y mÃ  mÃ¬nh Ä‘au lÃ²ng nháº¥t thÃ¬ cÅ©ng lÃ  lÃºc trá»i Ä‘á»• cÆ¡n mÆ°a ğŸŒ§,2025-09-04 09:03:17.584787,photo_change
149,7685737865,5,å°è˜ Gia hÃ¢n,,,,,2025-09-04 09:03:24.207536,"name_change, bio_change, photo_change"
150,7604374555,1,Tuyá»n æ³‰ BLH - 2025,,shezhijang99,,,2025-09-04 09:03:24.618845,"bio_change, photo_change"
151,7086426011,1,â“€â’¾â’¹âœÂ¹â¶â»Â¹Â¹,,kid11Cb,,,2025-09-04 09:03:24.892686,photo_change
152,6680902818,1,ğ“’ğ“¸ğ“¶ğ“ªğ“·Â¹Â²â¹ æˆ’æŒ‡,,coman_129,,,2025-09-04 09:03:25.225425,"bio_change, photo_change"
153,7778781604,3,å°ä¹ ğŸ–¤,,tun838666,,,2025-09-04 09:03:26.601564,photo_change
154,8140530475,1,560,å¤§é¾™,youngtobieedasickk,,,2025-09-04 09:03:26.887039,photo_change
155,8189026477,1,Quá»³nh Anh,,quynhanh888888888888,,,2025-09-04 09:03:27.373197,photo_change
156,5483041710,1,DÆ°a Háº¥u XÃ o Tá»i,,abcxyi1002,,,2025-09-04 09:03:28.008524,"bio_change, photo_change"
157,6029190582,3,ğ“ğ”‚ğ“·ğ”‚,,babeiuai,,,2025-09-04 09:03:28.419286,"bio_change, photo_change"
158,7720613302,1,Phong ThiÃªn áº¤n,,,,,2025-09-04 09:03:28.882186,"bio_change, photo_change"
159,6065223235,1,ğ“’ğ“¸ğ“·ğ“° ğ““ğ“ªğ“½ å…¬åŠ¡æœº â˜­,,Rikka_sama,,,2025-09-04 09:03:29.900997,"bio_change, photo_change"
160,7464496834,1,7ç»„-å‚…å…ˆç”Ÿ,,thangnay20trvevn,,,2025-09-04 09:03:30.111122,"username_change, photo_change"
161,7867502024,5,é˜¿ç¯ ÄÄƒng,,Cammomdi8638l,,,2025-09-04 09:03:35.626519,"name_change, photo_change"
162,5079807188,3,è‚¯,,Kenn_5W,,,2025-09-04 09:03:36.545346,photo_change
163,7758938333,3,èœœèœ‚ ğŸ‰,,huiiday1,,,2025-09-04 09:03:36.927047,photo_change
164,7629108193,1,æ™‹å‘,su mÃ´ğŸ”,sumozxc,,,2025-09-04 09:03:37.121784,"bio_change, photo_change"
165,7378714723,3,ğ‡á»’ ğáº¢ğ ğ“ğ‡ğˆÃŠğ,,thienthienMLV88,,,2025-09-04 09:03:37.379335,"bio_change, photo_change"
166,7912065512,3,bom,,bombom2568,,,2025-09-04 09:03:38.908727,"name_change, username_change, bio_change, photo_change"
167,6661388919,3,SiÃªu NhÆ¡n Gao,,SieuNhonXanh,,,2025-09-04 09:03:48.684062,photo_change
168,8286629886,3,ÃŸÃ© ÃÉ© ğŸ¥€,,Dollynguroizzz,,,2025-09-04 09:03:49.299845,"bio_change, photo_change"
169,7768513218,7,ğ“£ğ“±ğ“¾Ìğ”‚ ğ“ğ“·,,thuyann1210,NgÃ y mÃ  mÃ¬nh Ä‘au lÃ²ng nháº¥t thÃ¬ cÅ©ng lÃ  lÃºc trá»i Ä‘á»• cÆ¡n mÆ°a ğŸŒ§,NgÃ y mÃ  mÃ¬nh Ä‘au lÃ²ng nháº¥t thÃ¬ cÅ©ng lÃ  lÃºc trá»i Ä‘á»• cÆ¡n mÆ°a ğŸŒ§,2025-09-04 09:11:02.259344,photo_change
170,7523451390,1,ğŸ…š â€‹ â¶ â€‹ â“¿â»,,Dauthoi7979,(â„¢ğ™ƒğ˜¼Ì€ ğ™‚ğ™„ğ˜¼ å°æğ™ğ˜¼ğ™ˆ ğ™ğ™ƒğ™„ğ™€Ì‚Ìğ™â„¢) ğ™ğ˜¼Ì‚ğ™ˆ ğ˜¼ğ™‰ ğ™‘ğ˜¼Ì£ğ™‰ ğ™ğ™Ì›Ì£ ğ˜¼ğ™‰...........,(â„¢ğ™ƒğ˜¼Ì€ ğ™‚ğ™„ğ˜¼ å°æğ™ğ˜¼ğ™ˆ ğ™ğ™ƒğ™„ğ™€Ì‚Ìğ™â„¢) ğ™ğ˜¼Ì‚ğ™ˆ ğ˜¼ğ™‰ ğ™‘ğ˜¼Ì£ğ™‰ ğ™ğ™Ì›Ì£ ğ˜¼ğ™‰...........,2025-09-04 09:11:04.242124,photo_change
171,7685737865,6,å°è˜ ğŸ¬,,,æ²³æµåº•éƒ¨çš„æ³¢æµª,æ²³æµåº•éƒ¨çš„æ³¢æµª,2025-09-04 09:11:08.526401,photo_change
172,7604374555,2,Tuyá»n æ³‰ BLH - 2025,,shezhijang99,Káº» Tha HÆ°Æ¡ng Mang Nhiá»u HoÃ i BÃ£o HÃ£y Cá»‘ Gáº¯ng Há»c Há»i Äá»ƒ MÃ¬nh VÆ°Æ¡n LÃªn,Káº» Tha HÆ°Æ¡ng Mang Nhiá»u HoÃ i BÃ£o HÃ£y Cá»‘ Gáº¯ng Há»c Há»i Äá»ƒ MÃ¬nh VÆ°Æ¡n LÃªn,2025-09-04 09:11:09.035751,photo_change
173,7086426011,2,â“€â’¾â’¹âœÂ¹â¶â»Â¹Â¹,,kid11Cb,,,2025-09-04 09:11:09.193041,photo_change
174,6680902818,2,ğ“’ğ“¸ğ“¶ğ“ªğ“·Â¹Â²â¹ æˆ’æŒ‡,,coman_129,ç‹¬ç«‹-è‡ªç”±-å¹¸ç¦ ğŸ‡»ğŸ‡³ ğŸ­ğŸŒğŸ’,ç‹¬ç«‹-è‡ªç”±-å¹¸ç¦ ğŸ‡»ğŸ‡³ ğŸ­ğŸŒğŸ’,2025-09-04 09:11:09.390668,photo_change
175,7778781604,4,å°ä¹ ğŸ–¤,,tun838666,,,2025-09-04 09:11:10.543743,photo_change
176,8140530475,2,560,å¤§é¾™,youngtobieedasickk,,,2025-09-04 09:11:10.905522,photo_change
177,8189026477,2,Quá»³nh Anh,,quynhanh888888888888,,,2025-09-04 09:11:11.748888,photo_change
178,1963428910,1,HUGÃ”Ã” ğŸ‡»ğŸ‡³,,kuhao6789,"Lá»›n rá»“i.NhÃ¬n 1 pháº£i tháº¥u 10,ko pháº£i cÃ¡i gÃ¬ láº¥p lÃ¡nh cÅ©ng lÃ  kim cÆ°Æ¡ngğŸ‘","Lá»›n rá»“i.NhÃ¬n 1 pháº£i tháº¥u 10,ko pháº£i cÃ¡i gÃ¬ láº¥p lÃ¡nh cÅ©ng lÃ  kim cÆ°Æ¡ngğŸ‘",2025-09-04 09:11:12.011559,photo_change
179,5483041710,2,DÆ°a Háº¥u XÃ o Tá»i,,abcxyi1002,â€¦â€¦â€¦â€¦â€¦â€¦â€¦â€¦â€¦..,â€¦â€¦â€¦â€¦â€¦â€¦â€¦â€¦â€¦..,2025-09-04 09:11:12.368242,photo_change
180,6029190582,4,ğ“ğ”‚ğ“·ğ”‚,,babeiuai,'' æœ€çè´µçš„äººï¼Œä¸æ˜¯ä½ æ‹¥æœ‰ä¸€åˆ‡æ—¶å‡ºç°çš„äººï¼Œè€Œæ˜¯ä½ ä¸€æ— æ‰€æœ‰æ—¶ä¸ç¦»ä¸å¼ƒçš„äººã€‚ '','' æœ€çè´µçš„äººï¼Œä¸æ˜¯ä½ æ‹¥æœ‰ä¸€åˆ‡æ—¶å‡ºç°çš„äººï¼Œè€Œæ˜¯ä½ ä¸€æ— æ‰€æœ‰æ—¶ä¸ç¦»ä¸å¼ƒçš„äººã€‚ '',2025-09-04 09:11:12.757998,photo_change
181,7720613302,2,Phong ThiÃªn áº¤n,,,"HÃ£y lÃ  chÃ­nh mÃ¬nh.. pháº£i giÃ u, khÃ´ng sang, nhÆ°ng nháº¥t Ä‘á»‹nh khÃ´ng nghÃ¨o","HÃ£y lÃ  chÃ­nh mÃ¬nh.. pháº£i giÃ u, khÃ´ng sang, nhÆ°ng nháº¥t Ä‘á»‹nh khÃ´ng nghÃ¨o",2025-09-04 09:11:12.953385,photo_change
182,7922229441,1,è£è€€. Tanmei,,Shu151108,,,2025-09-04 09:11:13.158310,photo_change
183,7513880258,1,Dino,Dino,,,,2025-09-04 09:11:13.383379,photo_change
184,6065223235,2,ğ“’ğ“¸ğ“·ğ“° ğ““ğ“ªğ“½ å…¬åŠ¡æœº â˜­,,Rikka_sama,â€œ ğ“’ğ“±ğ“ªÌ†Ì‰ğ“·ğ“° ğ“¹ğ“±ğ“ªÌ‰ğ“² ğ“¹ğ“±ğ“®Ìğ“¹ ğ“¶ğ“ªÌ€ğ“¾ ğ“¿ğ“ªÌ£Ì‚ğ”‚ ğ“¼ğ“ªğ“¸ ğ“¬ğ“±ğ“¾Ìğ“·ğ“° ğ“½ğ“ª ğ“°ğ“ªÌ£Ì†ğ“¹ ğ“·ğ“±ğ“ªğ“¾ .â€,â€œ ğ“’ğ“±ğ“ªÌ†Ì‰ğ“·ğ“° ğ“¹ğ“±ğ“ªÌ‰ğ“² ğ“¹ğ“±ğ“®Ìğ“¹ ğ“¶ğ“ªÌ€ğ“¾ ğ“¿ğ“ªÌ£Ì‚ğ”‚ ğ“¼ğ“ªğ“¸ ğ“¬ğ“±ğ“¾Ìğ“·ğ“° ğ“½ğ“ª ğ“°ğ“ªÌ£Ì†ğ“¹ ğ“·ğ“±ğ“ªğ“¾ .â€,2025-09-04 09:11:13.769588,photo_change
185,7464496834,2,7ç»„-å‚…å…ˆç”Ÿ,,mongthangnaynohu,,,2025-09-04 09:11:14.251827,photo_change
186,7754587075,1,B29 Cu TÃ¨o,,Cuteo1686868,,,2025-09-04 09:11:14.472190,photo_change
187,7867502024,6,é˜¿ç¯ Silence,,Cammomdi8638l,,,2025-09-04 09:11:19.086371,photo_change
188,7611031628,1,6099,,Nhincactao,,,2025-09-04 09:11:19.431393,photo_change
189,5079807188,4,è‚¯,,Kenn_5W,,,2025-09-04 09:11:19.810964,photo_change
190,7758938333,4,èœœèœ‚ ğŸ‰,,huiiday1,,,2025-09-04 09:11:20.135861,photo_change
191,7629108193,2,æ™‹å‘,ã€Œ ğ˜¾ğ™Ãºğ™Æ° ã€ - B6,sumozxc,'' æœ€çè´µçš„äººï¼Œä¸æ˜¯ä½ æ‹¥æœ‰ä¸€åˆ‡æ—¶å‡ºç°çš„äººï¼Œè€Œæ˜¯ä½ ä¸€æ— æ‰€æœ‰æ—¶ä¸ç¦»ä¸å¼ƒçš„äººã€‚ '','' æœ€çè´µçš„äººï¼Œä¸æ˜¯ä½ æ‹¥æœ‰ä¸€åˆ‡æ—¶å‡ºç°çš„äººï¼Œè€Œæ˜¯ä½ ä¸€æ— æ‰€æœ‰æ—¶ä¸ç¦»ä¸å¼ƒçš„äººã€‚ '',2025-09-04 09:11:20.305878,photo_change
192,7378714723,4,ğ‡á»’ ğáº¢ğ ğ“ğ‡ğˆÃŠğ,,thienthienMLV88,Há» cÆ°á»i tÃ´i vÃ¬ tÃ´i khÃ´ng giá»‘ng há»â€¦ TÃ´i cÆ°á»i há» vÃ¬ há» quÃ¡ giá»‘ng nhau.,Há» cÆ°á»i tÃ´i vÃ¬ tÃ´i khÃ´ng giá»‘ng há»â€¦ TÃ´i cÆ°á»i há» vÃ¬ há» quÃ¡ giá»‘ng nhau.,2025-09-04 09:11:20.713028,photo_change
193,7143337956,1,é˜¿å…‹,,w_ake_296,æˆ‘ä»¬çš„ç”Ÿæ´» å°±åƒä¸€æœ¬ä¹¦ï¼Œæœ‰ç¾ä¸½çš„ä¹¦é¡µï¼Œä½†ä¹Ÿæœ‰å……æ»¡æ³ªæ°´çš„çº¿æ¡ã€‚,æˆ‘ä»¬çš„ç”Ÿæ´» å°±åƒä¸€æœ¬ä¹¦ï¼Œæœ‰ç¾ä¸½çš„ä¹¦é¡µï¼Œä½†ä¹Ÿæœ‰å……æ»¡æ³ªæ°´çš„çº¿æ¡ã€‚,2025-09-04 09:11:21.083531,photo_change
194,7912065512,4,Ê™oÉ´.Ê™oÉ´ â„ï¸,,nguoimuavui666,â„ï¸ 1 mÃ¬nh 1 ngá»±a - khÃ´ng dá»±a vÃ o ai â„ï¸,â„ï¸ 1 mÃ¬nh 1 ngá»±a - khÃ´ng dá»±a vÃ o ai â„ï¸,2025-09-04 09:11:22.260984,photo_change
195,6541337325,1,äºšå†› Z8,lanhphong,Nui422,,,2025-09-04 09:11:22.517958,photo_change
196,6661388919,4,SiÃªu NhÆ¡n Gao,,SieuNhonXanh,,,2025-09-04 09:11:32.864796,photo_change
197,6143058552,1,ğğ§ğ ğğ¢ğğœğ,,duygentingKTV,Äáº£o Háº£i Táº·c !,Äáº£o Háº£i Táº·c !,2025-09-04 09:11:33.693157,photo_change
198,8286629886,4,ÃŸÃ© ÃÉ© ğŸ¥€,,Dollynguroizzz,â€œä¸è®¸ä½ ç´¯ï¼Œå› ä¸ºä½ èº«åæ²¡æœ‰äººå¯ä»¥ä¾é ã€‚â€ ğŸ¤­,â€œä¸è®¸ä½ ç´¯ï¼Œå› ä¸ºä½ èº«åæ²¡æœ‰äººå¯ä»¥ä¾é ã€‚â€ ğŸ¤­,2025-09-04 09:11:34.045077,photo_change
199,6252063927,3,Zy Baw,,neverformee,I'm crucified https://t.me/+8UcW6l0us_1kMWI9,I'm crucified https://t.me/+8UcW6l0us_1kMWI9,2025-09-04 09:14:45.580961,photo_change
200,6579290178,1,Ryo,,Goupkinhdimarin,https://t.me/+wwNXtD3r2WMwNTE9,https://t.me/+wwNXtD3r2WMwNTE9,2025-09-04 09:14:45.946778,photo_change
201,7428651639,1,BÃ© BÃ´ng GÃ²n,,ooanh010,https://t.me/+VjzU8A6x8R5hODBl Gá»i tui lÃ  Nora. @Ryosne28,https://t.me/+VjzU8A6x8R5hODBl Gá»i tui lÃ  Nora. @Ryosne28,2025-09-04 09:19:39.427058,photo_change
202,6094295529,1,RRR,,Ryosne28,Rip Rip Rip.,Rip Rip Rip.,2025-09-04 09:19:39.928009,photo_change
203,7984257460,1,â“¥ â“˜ â“© â“ â“ ğ”’ğ”£ğ”  Ø°Ø¦Ø¤,,,,,2025-09-04 09:19:44.346947,photo_change
204,6528428374,1,ğ•¹ ğ•² ğ–€ ğ–„ ğ•° ğ•¹ ğŸŒ€,,nguyen220088,"ğŸ˜­https://t.me/+8UcW6l0us_1kMWI9 âŒ KhÃ´ng dá»‹ch vá»¥,ğŸ”ğŸš­â™€ï¸âš§ï¸,khÃ´ng dÃ¢m ğŸ”","ğŸ˜­https://t.me/+8UcW6l0us_1kMWI9 âŒ KhÃ´ng dá»‹ch vá»¥,ğŸ”ğŸš­â™€ï¸âš§ï¸,khÃ´ng dÃ¢m ğŸ”",2025-09-04 09:19:44.637435,photo_change
205,5515126868,1,FAN ANH JACK 1000 NÄ‚M!!!!!!!,,haycocdungchoc,xem cc thÃ¬ vÃ´ Ä‘Ã¢y https://t.me/+VjzU8A6x8R5hODBl,xem cc thÃ¬ vÃ´ Ä‘Ã¢y https://t.me/+VjzU8A6x8R5hODBl,2025-09-04 09:19:44.759402,photo_change
206,6177374186,1,hapi,bÃ¡ Ä‘áº¡o,dtmaih,cdm,cdm,2025-09-04 09:19:44.955301,photo_change
207,7241879021,1,VEXDEX,,VEXDEX777,Owner of Paradex. â˜†,Owner of Paradex. â˜†,2025-09-04 09:19:45.293969,photo_change
208,6252063927,4,Zy Baw,,neverformee,I'm crucified https://t.me/+8UcW6l0us_1kMWI9,I'm crucified https://t.me/+8UcW6l0us_1kMWI9,2025-09-04 09:19:45.521934,photo_change
209,6100459295,1,ï½šï½…ï½”ï½ï½“,,Lowki_TT,2306,2306,2025-09-04 09:19:45.716261,photo_change
210,6579290178,2,Ryo,,Goupkinhdimarin,https://t.me/+wwNXtD3r2WMwNTE9,https://t.me/+wwNXtD3r2WMwNTE9,2025-09-04 09:19:45.890530,photo_change
211,7768513218,8,ğ“£ğ“±ğ“¾Ìğ”‚ ğ“ğ“·,,thuyann1210,NgÃ y mÃ  mÃ¬nh Ä‘au lÃ²ng nháº¥t thÃ¬ cÅ©ng lÃ  lÃºc trá»i Ä‘á»• cÆ¡n mÆ°a ğŸŒ§,NgÃ y mÃ  mÃ¬nh Ä‘au lÃ²ng nháº¥t thÃ¬ cÅ©ng lÃ  lÃºc trá»i Ä‘á»• cÆ¡n mÆ°a ğŸŒ§,2025-09-04 09:19:59.709766,photo_change
212,7523451390,2,ğŸ…š â€‹ â¶ â€‹ â“¿â»,,Dauthoi7979,(â„¢ğ™ƒğ˜¼Ì€ ğ™‚ğ™„ğ˜¼ å°æğ™ğ˜¼ğ™ˆ ğ™ğ™ƒğ™„ğ™€Ì‚Ìğ™â„¢) ğ™ğ˜¼Ì‚ğ™ˆ ğ˜¼ğ™‰ ğ™‘ğ˜¼Ì£ğ™‰ ğ™ğ™Ì›Ì£ ğ˜¼ğ™‰...........,(â„¢ğ™ƒğ˜¼Ì€ ğ™‚ğ™„ğ˜¼ å°æğ™ğ˜¼ğ™ˆ ğ™ğ™ƒğ™„ğ™€Ì‚Ìğ™â„¢) ğ™ğ˜¼Ì‚ğ™ˆ ğ˜¼ğ™‰ ğ™‘ğ˜¼Ì£ğ™‰ ğ™ğ™Ì›Ì£ ğ˜¼ğ™‰...........,2025-09-04 09:20:01.157253,photo_change
213,7685737865,7,å°è˜ ğŸ¬,,,æ²³æµåº•éƒ¨çš„æ³¢æµª,æ²³æµåº•éƒ¨çš„æ³¢æµª,2025-09-04 09:20:05.528735,photo_change
214,7604374555,3,Tuyá»n æ³‰ BLH - 2025,,shezhijang99,Káº» Tha HÆ°Æ¡ng Mang Nhiá»u HoÃ i BÃ£o HÃ£y Cá»‘ Gáº¯ng Há»c Há»i Äá»ƒ MÃ¬nh VÆ°Æ¡n LÃªn,Káº» Tha HÆ°Æ¡ng Mang Nhiá»u HoÃ i BÃ£o HÃ£y Cá»‘ Gáº¯ng Há»c Há»i Äá»ƒ MÃ¬nh VÆ°Æ¡n LÃªn,2025-09-04 09:20:05.885432,photo_change
215,7086426011,3,â“€â’¾â’¹âœÂ¹â¶â»Â¹Â¹,,kid11Cb,,,2025-09-04 09:20:06.066679,photo_change
216,6680902818,3,ğ“’ğ“¸ğ“¶ğ“ªğ“·Â¹Â²â¹ æˆ’æŒ‡,,coman_129,ç‹¬ç«‹-è‡ªç”±-å¹¸ç¦ ğŸ‡»ğŸ‡³ ğŸ­ğŸŒğŸ’,ç‹¬ç«‹-è‡ªç”±-å¹¸ç¦ ğŸ‡»ğŸ‡³ ğŸ­ğŸŒğŸ’,2025-09-04 09:20:06.377031,photo_change
217,7778781604,5,å°ä¹ ğŸ–¤,,tun838666,,,2025-09-04 09:20:07.479127,photo_change
218,8140530475,3,560,å¤§é¾™,youngtobieedasickk,,,2025-09-04 09:20:07.704311,photo_change
219,8189026477,3,Quá»³nh Anh,,quynhanh888888888888,,,2025-09-04 09:20:08.027319,photo_change
220,1963428910,2,HUGÃ”Ã” ğŸ‡»ğŸ‡³,,kuhao6789,"Lá»›n rá»“i.NhÃ¬n 1 pháº£i tháº¥u 10,ko pháº£i cÃ¡i gÃ¬ láº¥p lÃ¡nh cÅ©ng lÃ  kim cÆ°Æ¡ngğŸ‘","Lá»›n rá»“i.NhÃ¬n 1 pháº£i tháº¥u 10,ko pháº£i cÃ¡i gÃ¬ láº¥p lÃ¡nh cÅ©ng lÃ  kim cÆ°Æ¡ngğŸ‘",2025-09-04 09:20:08.206865,photo_change
221,5483041710,3,DÆ°a Háº¥u XÃ o Tá»i,,abcxyi1002,â€¦â€¦â€¦â€¦â€¦â€¦â€¦â€¦â€¦..,â€¦â€¦â€¦â€¦â€¦â€¦â€¦â€¦â€¦..,2025-09-04 09:20:08.462375,photo_change
222,6029190582,5,ğ“ğ”‚ğ“·ğ”‚,,babeiuai,'' æœ€çè´µçš„äººï¼Œä¸æ˜¯ä½ æ‹¥æœ‰ä¸€åˆ‡æ—¶å‡ºç°çš„äººï¼Œè€Œæ˜¯ä½ ä¸€æ— æ‰€æœ‰æ—¶ä¸ç¦»ä¸å¼ƒçš„äººã€‚ '','' æœ€çè´µçš„äººï¼Œä¸æ˜¯ä½ æ‹¥æœ‰ä¸€åˆ‡æ—¶å‡ºç°çš„äººï¼Œè€Œæ˜¯ä½ ä¸€æ— æ‰€æœ‰æ—¶ä¸ç¦»ä¸å¼ƒçš„äººã€‚ '',2025-09-04 09:20:08.811772,photo_change
223,7720613302,3,Phong ThiÃªn áº¤n,,,"HÃ£y lÃ  chÃ­nh mÃ¬nh.. pháº£i giÃ u, khÃ´ng sang, nhÆ°ng nháº¥t Ä‘á»‹nh khÃ´ng nghÃ¨o","HÃ£y lÃ  chÃ­nh mÃ¬nh.. pháº£i giÃ u, khÃ´ng sang, nhÆ°ng nháº¥t Ä‘á»‹nh khÃ´ng nghÃ¨o",2025-09-04 09:20:09.070637,photo_change
224,7922229441,2,è£è€€. Tanmei,,Shu151108,,,2025-09-04 09:20:09.311338,photo_change
225,7513880258,2,Dino,Dino,,,,2025-09-04 09:20:09.537173,photo_change
226,6065223235,3,ğ“’ğ“¸ğ“·ğ“° ğ““ğ“ªğ“½ å…¬åŠ¡æœº â˜­,,Rikka_sama,â€œ ğ“’ğ“±ğ“ªÌ†Ì‰ğ“·ğ“° ğ“¹ğ“±ğ“ªÌ‰ğ“² ğ“¹ğ“±ğ“®Ìğ“¹ ğ“¶ğ“ªÌ€ğ“¾ ğ“¿ğ“ªÌ£Ì‚ğ”‚ ğ“¼ğ“ªğ“¸ ğ“¬ğ“±ğ“¾Ìğ“·ğ“° ğ“½ğ“ª ğ“°ğ“ªÌ£Ì†ğ“¹ ğ“·ğ“±ğ“ªğ“¾ .â€,â€œ ğ“’ğ“±ğ“ªÌ†Ì‰ğ“·ğ“° ğ“¹ğ“±ğ“ªÌ‰ğ“² ğ“¹ğ“±ğ“®Ìğ“¹ ğ“¶ğ“ªÌ€ğ“¾ ğ“¿ğ“ªÌ£Ì‚ğ”‚ ğ“¼ğ“ªğ“¸ ğ“¬ğ“±ğ“¾Ìğ“·ğ“° ğ“½ğ“ª ğ“°ğ“ªÌ£Ì†ğ“¹ ğ“·ğ“±ğ“ªğ“¾ .â€,2025-09-04 09:20:09.771694,photo_change
227,7464496834,3,7ç»„-å‚…å…ˆç”Ÿ,,mongthangnaynohu,,,2025-09-04 09:20:09.960491,photo_change
228,7754587075,2,B29 Cu TÃ¨o,,Cuteo1686868,,,2025-09-04 09:20:10.189505,photo_change
229,7867502024,7,é˜¿ç¯ Silence,,Cammomdi8638l,,,2025-09-04 09:20:15.103926,photo_change
230,7611031628,2,6099,,Nhincactao,,,2025-09-04 09:20:15.456795,photo_change
231,5079807188,5,è‚¯,,Kenn_5W,,,2025-09-04 09:20:15.873296,photo_change
232,7758938333,5,èœœèœ‚ ğŸ‰,,huiiday1,,,2025-09-04 09:20:16.169890,photo_change
233,7629108193,3,æ™‹å‘,ã€Œ ğ˜¾ğ™Ãºğ™Æ° ã€ - B6,sumozxc,'' æœ€çè´µçš„äººï¼Œä¸æ˜¯ä½ æ‹¥æœ‰ä¸€åˆ‡æ—¶å‡ºç°çš„äººï¼Œè€Œæ˜¯ä½ ä¸€æ— æ‰€æœ‰æ—¶ä¸ç¦»ä¸å¼ƒçš„äººã€‚ '','' æœ€çè´µçš„äººï¼Œä¸æ˜¯ä½ æ‹¥æœ‰ä¸€åˆ‡æ—¶å‡ºç°çš„äººï¼Œè€Œæ˜¯ä½ ä¸€æ— æ‰€æœ‰æ—¶ä¸ç¦»ä¸å¼ƒçš„äººã€‚ '',2025-09-04 09:20:16.389893,photo_change
234,7378714723,5,ğ‡á»’ ğáº¢ğ ğ“ğ‡ğˆÃŠğ,,thienthienMLV88,Há» cÆ°á»i tÃ´i vÃ¬ tÃ´i khÃ´ng giá»‘ng há»â€¦ TÃ´i cÆ°á»i há» vÃ¬ há» quÃ¡ giá»‘ng nhau.,Há» cÆ°á»i tÃ´i vÃ¬ tÃ´i khÃ´ng giá»‘ng há»â€¦ TÃ´i cÆ°á»i há» vÃ¬ há» quÃ¡ giá»‘ng nhau.,2025-09-04 09:20:16.616962,photo_change
235,7143337956,2,é˜¿å…‹,,w_ake_296,æˆ‘ä»¬çš„ç”Ÿæ´» å°±åƒä¸€æœ¬ä¹¦ï¼Œæœ‰ç¾ä¸½çš„ä¹¦é¡µï¼Œä½†ä¹Ÿæœ‰å……æ»¡æ³ªæ°´çš„çº¿æ¡ã€‚,æˆ‘ä»¬çš„ç”Ÿæ´» å°±åƒä¸€æœ¬ä¹¦ï¼Œæœ‰ç¾ä¸½çš„ä¹¦é¡µï¼Œä½†ä¹Ÿæœ‰å……æ»¡æ³ªæ°´çš„çº¿æ¡ã€‚,2025-09-04 09:20:16.800026,photo_change
236,7912065512,5,Ê™oÉ´.Ê™oÉ´ â„ï¸,,nguoimuavui666,â„ï¸ 1 mÃ¬nh 1 ngá»±a - khÃ´ng dá»±a vÃ o ai â„ï¸,â„ï¸ 1 mÃ¬nh 1 ngá»±a - khÃ´ng dá»±a vÃ o ai â„ï¸,2025-09-04 09:20:18.156401,photo_change
237,6541337325,2,äºšå†› Z8,lanhphong,Nui422,,,2025-09-04 09:20:18.443163,photo_change
238,6661388919,5,SiÃªu NhÆ¡n Gao,,SieuNhonXanh,,,2025-09-04 09:20:18.811676,photo_change
239,6143058552,2,ğğ§ğ ğğ¢ğğœğ,,duygentingKTV,Äáº£o Háº£i Táº·c !,Äáº£o Háº£i Táº·c !,2025-09-04 09:20:19.155261,photo_change
240,8286629886,5,ÃŸÃ© ÃÉ© ğŸ¥€,,Dollynguroizzz,â€œä¸è®¸ä½ ç´¯ï¼Œå› ä¸ºä½ èº«åæ²¡æœ‰äººå¯ä»¥ä¾é ã€‚â€ ğŸ¤­,â€œä¸è®¸ä½ ç´¯ï¼Œå› ä¸ºä½ èº«åæ²¡æœ‰äººå¯ä»¥ä¾é ã€‚â€ ğŸ¤­,2025-09-04 09:20:19.389535,photo_change
241,7428651639,2,BÃ© BÃ´ng GÃ²n,,ooanh010,https://t.me/+VjzU8A6x8R5hODBl Gá»i tui lÃ  Nora. @Ryosne28,https://t.me/+VjzU8A6x8R5hODBl Gá»i tui lÃ  Nora. @Ryosne28,2025-09-04 09:21:55.960054,photo_change
242,5515126868,2,FAN ANH JACK 1000 NÄ‚M!!!!!!!,,haycocdungchoc,xem cc thÃ¬ vÃ´ Ä‘Ã¢y https://t.me/+VjzU8A6x8R5hODBl,xem cc thÃ¬ vÃ´ Ä‘Ã¢y https://t.me/+VjzU8A6x8R5hODBl,2025-09-04 09:21:56.205431,photo_change
